event_type,location,quantity,ingredient_cost,labor_cost,overhead_cost,demand_index,total_cost
Corporate,Chennai,808,11622,23333,18724,1.4988432579750648,80577.6072448435
Wedding,Chennai,948,58756,28116,4817,1.4531793319404904,133382.75976629165
Corporate,Bangalore,292,50809,48201,17096,1.2497956396746341,145152.57254006306
Corporate,Chennai,592,26725,20525,20880,1.0948736373058505,74682.54090964759
Wedding,Coimbatore,89,61226,28398,24346,1.245324155295763,141942.94397905812
Wedding,Coimbatore,278,91182,37857,7299,1.3499561326561624,184092.01921407587
Corporate,Coimbatore,597,39402,15361,11917,0.8828353336463711,58957.01004754003
Birthday,Bangalore,969,14263,21369,25958,1.0869334227874017,67089.57950947607
Corporate,Chennai,272,187900,8041,20073,1.387861599944932,299838.3356505045
Corporate,Coimbatore,55,57924,5105,5267,1.0686830663531308,72995.02869965343
Corporate,Bangalore,371,84182,14078,6406,1.2003105898590305,125687.35819818528
Corporate,Chennai,517,152736,30003,26837,1.2114385526035387,253965.99610043922
Wedding,Bangalore,781,45737,11090,19826,0.9291333771935476,71338.010762017
Corporate,Coimbatore,124,111332,43850,26981,1.053564809156602,191939.12633039407
Birthday,Coimbatore,53,99563,6925,12382,1.0341579021193525,122938.29982492744
Wedding,Coimbatore,896,170445,23440,6437,0.8183376959724454,164065.4439325922
Birthday,Bangalore,695,177469,44685,7435,0.8169342347239488,187663.36401603668
Birthday,Bangalore,167,138575,31015,26819,1.3821879305730413,271499.1992559205
Birthday,Coimbatore,930,111371,38320,6107,0.9911495669809687,154558.62023650095
Birthday,Bangalore,655,48709,30291,2560,1.1626551363671709,94924.40292210646
Wedding,Coimbatore,553,160322,41679,14329,1.0091079015121411,218383.2623341215
Wedding,Coimbatore,996,31172,31289,29301,1.4584754715807384,133982.0262231917
Birthday,Chennai,623,21555,8389,27169,0.9815077312060416,56150.301052370654
Birthday,Bangalore,490,63276,30683,23932,1.1007597689172546,129843.16991742406
Wedding,Coimbatore,243,67492,18629,3826,1.4109111753392214,126943.67748823695
Wedding,Coimbatore,896,194074,29826,13421,1.389353496754266,329857.1612032192
Wedding,Bangalore,764,99599,40198,29863,0.9302709924923942,157944.3765862596
Corporate,Chennai,441,165834,31630,14265,1.3618503168569973,288409.3557378152
Corporate,Chennai,75,21046,38226,9629,1.120730820716525,77230.72427818929
Corporate,Coimbatore,484,126021,37975,10325,1.1380782104597487,198463.53172555385
Birthday,Bangalore,222,169841,5899,21522,0.8934359806911607,176274.26842309974
Corporate,Chennai,349,194374,16653,9693,0.8564210596299873,189081.60628153078
Birthday,Bangalore,694,164222,32961,10264,1.3095575148816356,271767.87778965064
Birthday,Bangalore,375,14853,21405,14686,1.14752280664871,58515.65186191188
Corporate,Coimbatore,459,130900,13601,15716,1.1057954918306256,177236.08631462735
Birthday,Chennai,167,162864,38662,26226,1.3106557600566777,298529.5206644285
Corporate,Coimbatore,885,69129,38282,8721,1.3358590292937769,155268.7307899449
Corporate,Chennai,836,124130,26288,25386,0.9112357173685475,160324.2840562601
Wedding,Chennai,773,173059,34545,22609,1.2271576046343489,282623.58363568736
Corporate,Chennai,274,156922,41877,21362,0.8947478575943799,197029.68307583628
Wedding,Chennai,581,153184,20313,9373,1.325962560220332,242565.9233874921
Corporate,Chennai,162,131789,20349,7907,1.2598686093869977,201659.97158934205
Corporate,Bangalore,189,165130,12179,24481,1.4696302347584207,296585.0350719017
Wedding,Coimbatore,608,186492,15326,18127,0.8482706114494949,186664.07963525917
Wedding,Bangalore,50,48890,49555,7656,0.839938304805878,89125.79407820846
Corporate,Chennai,139,76017,6560,28561,0.9975309522852401,110884.44497507703
Birthday,Coimbatore,703,188376,18612,10984,0.9831939786151342,214414.20790669805
Wedding,Chennai,369,173993,22650,22643,0.9728851593503999,213395.4450533118
Birthday,Coimbatore,599,142596,31745,10286,1.4343782063647257,264914.7951065002
Birthday,Bangalore,854,110424,36890,7901,0.9746823398946542,151413.41938674878
Birthday,Coimbatore,943,25048,25022,27709,0.9903648082900417,77171.03442399115
Wedding,Coimbatore,188,176183,9780,6917,1.3315787836925748,256863.11579862382
Birthday,Coimbatore,560,178976,23311,10429,1.114817889715378,237223.60222869634
Wedding,Coimbatore,917,64912,33380,16716,1.3436973898686269,154673.49941401102
Birthday,Coimbatore,894,44008,49662,17795,0.8457563102950697,94406.32712703996
Corporate,Chennai,308,141132,7356,13138,1.141299835571369,184509.9272240581
Corporate,Coimbatore,722,93559,9790,4530,0.8235295201282979,88949.84110192065
Wedding,Coimbatore,951,65337,31911,20344,0.8438572424187483,99373.51085050544
Corporate,Bangalore,739,120616,29363,25429,1.4345062173410876,251734.7165713655
Corporate,Coimbatore,59,23350,25049,19432,0.8974717597823166,60885.25693779432
Birthday,Bangalore,310,34354,15181,7772,1.172694477592652,67250.1024274021
Wedding,Chennai,968,55186,44825,17476,1.0877669218204946,127943.67234392445
Birthday,Coimbatore,699,38145,21082,20913,1.04314032838119,83702.11591646857
Birthday,Bangalore,221,175092,5661,17751,1.4298833419810908,283870.7129166145
Birthday,Bangalore,947,96123,42412,4964,0.8152763777428427,117133.39492972019
Birthday,Chennai,62,30581,7920,9137,1.2646527803229124,60254.8291490229
Birthday,Coimbatore,217,98929,30658,19347,1.4743761039494854,219617.28066561263
Birthday,Coimbatore,691,33051,19025,18920,1.1921177284232893,84739.24024713984
Birthday,Bangalore,645,61474,13946,15891,1.4557757234231643,133025.08708149256
Wedding,Coimbatore,370,101748,33706,9340,0.8365805155002167,121187.33916133839
Corporate,Bangalore,368,135995,44004,25563,1.0931553233519131,224766.394578866
Birthday,Coimbatore,662,79626,21309,9967,0.9821104536734359,109017.31353329138
Birthday,Bangalore,378,16960,38120,14415,1.311574675486511,91204.58207293508
Birthday,Coimbatore,834,176844,35027,13871,1.4869079633480726,335782.6774621206
Birthday,Chennai,826,162592,12005,13916,0.9795710437109735,184785.77616308673
Birthday,Coimbatore,960,190553,5956,10734,1.2579222210318521,260839.57485330413
Birthday,Coimbatore,969,46408,39839,2845,0.9386683429318181,83773.19000848154
Corporate,Chennai,599,104006,13595,24161,1.195731178200127,169599.0932840064
Corporate,Coimbatore,468,67134,17803,21420,1.1247527406818354,119695.52724069796
Birthday,Chennai,655,161563,30963,24331,1.480403730742076,321134.1618375344
Corporate,Coimbatore,144,142413,41221,4494,1.2259690908875265,230660.71313048858
Wedding,Bangalore,866,185695,44443,14677,1.0446544604607733,255876.9817377042
Birthday,Bangalore,630,100327,38723,21103,0.8798670494215534,141007.84756601002
Wedding,Coimbatore,367,141410,44063,20268,0.9058727801144543,186430.22165352793
Wedding,Coimbatore,285,153326,20282,14330,0.9577218509658646,180035.07922682265
Birthday,Coimbatore,995,192932,9703,22733,0.9756766629382086,220035.5481730582
Corporate,Bangalore,383,21344,11563,29777,1.3954312404887965,87528.66187879971
Wedding,Coimbatore,934,142822,30849,7179,1.1928559517977675,215868.09888262625
Birthday,Bangalore,425,195828,36860,29286,1.1663736379620566,305623.31743147183
Wedding,Chennai,508,77957,36585,8610,0.8803382103084523,108491.61127590651
Wedding,Bangalore,186,115423,27015,8430,1.4020977853446044,211559.58867936977
Wedding,Bangalore,979,68053,17003,9154,1.3059700122459388,123182.2848536899
Wedding,Chennai,637,156968,48585,15828,0.8473678533300012,187686.692738049
Corporate,Bangalore,596,196833,31958,12145,1.295484568060838,312218.2698903061
Wedding,Coimbatore,562,87454,31017,8488,1.1804767521398523,149956.4479749235
Wedding,Coimbatore,345,100600,16171,23121,0.8572077420227449,119968.25544704583
Wedding,Bangalore,369,132732,17201,24909,1.1208104490700594,196020.09053630734
Corporate,Coimbatore,967,169007,34426,5850,1.139287400991033,238578.53514160635
Wedding,Bangalore,621,47641,22778,19073,0.9160421781142931,82071.59660380431
Wedding,Coimbatore,881,39711,47229,15564,1.4619887029001977,149991.84000208185
Corporate,Coimbatore,398,80342,26116,28526,1.3949827600364633,188360.05288076197
Corporate,Bangalore,889,116896,38297,23559,1.2683156361303758,226847.30658957694
Corporate,Coimbatore,828,153254,24342,27032,1.123606892700425,230045.63123950257
Wedding,Bangalore,922,97833,32490,7078,1.088235879109156,149662.99802547714
Corporate,Coimbatore,278,66276,24975,28706,1.255681427005668,150669.47693931893
Corporate,Coimbatore,319,29541,31723,14168,1.181802308584834,89193.5617411712
Wedding,Chennai,877,104457,28279,7448,0.84359117411732,118389.53515246238
Corporate,Chennai,847,54813,17765,19563,1.1587518541392323,106895.604592243
Wedding,Bangalore,340,178270,16561,11074,1.3644825320629876,281004.7757644295
Birthday,Chennai,774,149892,46899,8406,1.1214679143178707,230237.95161428413
Corporate,Bangalore,214,34070,5525,26975,0.8363696042879879,55709.22455745135
Birthday,Chennai,54,152194,27861,25291,1.3503947395688232,277306.2581914995
Wedding,Coimbatore,900,90559,38142,10800,0.9409546474951821,131399.1142802254
Corporate,Bangalore,428,51786,31916,16083,0.9810345844216272,97956.73600651206
Wedding,Bangalore,127,147809,49965,3638,0.9152944474026071,184370.3352402539
Birthday,Coimbatore,459,46062,9648,24055,1.0311505454100482,82318.5732546325
Wedding,Bangalore,623,195309,40133,25312,1.3297260539820446,346824.83748003404
Corporate,Bangalore,181,61571,35523,12340,1.1635701016527562,127361.28050426772
Corporate,Chennai,650,35510,34052,3382,0.9434168919054988,68914.1017631547
Birthday,Bangalore,798,29426,39414,3403,1.4144810547064286,102306.05483515652
Wedding,Coimbatore,91,47265,37781,11011,1.4157072984660704,136002.2459687553
Corporate,Chennai,138,158922,9599,5292,1.4094048975322049,244993.59345476513
Birthday,Chennai,451,76150,40046,11011,0.9671573479670775,123096.83476284803
Corporate,Coimbatore,345,97312,40923,2419,1.1158675409266916,157002.98310150288
Corporate,Coimbatore,889,99613,46089,14411,1.4894927592986127,238620.50416957878
Wedding,Chennai,344,84910,8814,6517,1.3404087334169934,134415.51184645284
Corporate,Bangalore,665,62375,40984,21686,0.8190171948578919,102513.75513100509
Wedding,Chennai,575,131826,31616,26241,0.8456432138823444,160490.39173884474
Corporate,Coimbatore,849,45435,7113,17422,1.124751963768633,78826.24490489125
Birthday,Chennai,740,106443,48006,11700,1.436454144103092,238776.41958858463
Corporate,Coimbatore,686,198204,18760,26254,1.1770912585669,286392.6817261243
Wedding,Chennai,471,144055,26927,7693,1.1484687556240032,205273.30491111876
Wedding,Bangalore,914,161734,25939,2767,0.8738315899696414,166549.5879938185
Birthday,Chennai,72,33510,37419,20428,1.2597460733070058,115097.42201910814
Corporate,Chennai,624,182070,17588,16818,1.3754722124201577,297850.32265586604
Corporate,Coimbatore,192,197918,41142,28715,1.0662940052552936,285555.6772572362
Birthday,Coimbatore,714,104071,44198,29605,1.342928295647729,238979.12766004418
Corporate,Coimbatore,194,16640,49738,3549,1.4751336577305683,103180.77128412545
Corporate,Chennai,274,54547,38397,11956,0.9426365213893824,98923.67109374622
Wedding,Bangalore,552,64620,21653,8140,1.166330741836319,110199.58432899238
Corporate,Coimbatore,870,156389,15831,12837,1.000996570659203,185371.92237648013
Corporate,Coimbatore,665,125608,10724,5716,1.3549980933236876,192574.5191604432
Birthday,Chennai,153,17564,16083,6481,1.2043153561168103,48349.71661025536
Birthday,Coimbatore,996,168417,24816,26282,1.2442076922852126,273271.6515719885
Wedding,Bangalore,88,123824,47240,8548,1.3585399117311259,244023.270625851
Corporate,Bangalore,996,89273,11276,20677,1.0771793308637183,130731.5415632851
Corporate,Coimbatore,247,84859,43663,6837,1.4405630478849303,195030.22359865627
Corporate,Coimbatore,695,120017,18994,9758,1.173120207072298,174628.17008593868
Wedding,Chennai,628,133618,28499,12900,0.9105683759847436,159459.14545972188
Wedding,Bangalore,440,193465,28040,25177,1.2871293827181618,317577.6503876816
Birthday,Bangalore,228,135341,48320,26022,1.355282945306778,284213.99382076116
Wedding,Coimbatore,603,39430,21959,9993,1.0217331739472688,73023.80742270393
Corporate,Chennai,497,37788,11099,24391,1.400025479899127,102665.61711604823
Corporate,Bangalore,549,189615,47267,7542,1.4343002783360363,350659.76123200735
Wedding,Bangalore,64,154991,24576,27476,0.9938331411644663,205775.7950461146
Corporate,Chennai,672,79346,40946,29660,1.4884650309006555,223299.10831361508
Corporate,Chennai,718,106122,11116,24740,0.8984980696341309,127674.65893051463
Wedding,Bangalore,338,49974,20563,28585,0.941410967881743,93365.23795837413
Wedding,Bangalore,527,117309,31788,26817,0.9289573874666184,163495.65985880268
Corporate,Chennai,280,26371,31928,16828,1.4257927970055093,107157.5354606329
Corporate,Bangalore,972,55084,41336,25764,1.2580047866274733,153853.8568492912
Corporate,Coimbatore,469,170701,14847,18052,0.906472998255591,184628.25244483835
Birthday,Coimbatore,206,192256,31155,4385,1.1082263928578442,252480.43938744548
Birthday,Chennai,599,71916,19135,16308,1.2307086175488615,132217.49647142823
Birthday,Chennai,490,83972,22774,22652,0.8584248594925683,111151.95996861935
Wedding,Chennai,146,22984,6742,2671,1.417691457885137,45950.85016110478
Birthday,Coimbatore,460,43039,23309,2163,1.3625224748090745,93416.7772716445
Wedding,Bangalore,338,95431,5619,10656,1.1536447415036468,128919.73949440637
Wedding,Coimbatore,303,93691,22658,13234,1.4769886306814193,191438.06772959037
Birthday,Bangalore,245,68606,39707,22976,1.0924326854925699,143461.144845634
Birthday,Coimbatore,647,151688,25337,6795,1.4888772233255485,273782.46119170234
Birthday,Bangalore,883,112665,21001,12634,1.267543999162539,185574.13707747948
Corporate,Coimbatore,571,115373,5968,6798,1.244269891277759,159525.14959844077
Birthday,Chennai,566,191144,30892,24420,0.9161684267070496,225880.10577251262
Corporate,Coimbatore,684,34574,30619,20739,1.4173494308132508,121898.27128864428
Wedding,Bangalore,891,144502,5281,24271,1.0992427815444306,191461.2530989343
Corporate,Coimbatore,914,153748,32420,26345,0.9135633840477356,194281.19543413643
Birthday,Coimbatore,167,151888,20360,12749,0.8088252639830313,149655.29736106884
Wedding,Coimbatore,855,42733,44030,7827,1.1918289785468679,112863.35308074823
Wedding,Chennai,958,12050,6058,27121,1.1691797354858735,53024.53025629057
Wedding,Coimbatore,208,119996,25677,6719,1.303547535658411,198681.41605405658
Corporate,Chennai,864,43933,15724,2593,1.4231806371124613,88722.59466025072
Birthday,Chennai,277,34951,33404,23223,0.8555846092501207,78394.27734590755
Wedding,Coimbatore,926,42413,42946,9394,1.3120475432382537,124459.34086445425
Wedding,Coimbatore,265,175873,44748,16056,0.9311883608683076,220430.61768522844
Wedding,Coimbatore,997,196691,34856,28035,1.4007239372100146,363752.27106885
Corporate,Bangalore,745,173985,14200,21877,1.3733444597031594,288599.2338941651
Corporate,Coimbatore,64,122573,38997,29177,1.178555628489881,224815.55046755934
Birthday,Chennai,206,181672,30611,24548,1.2971699590363182,307240.9585685303
Corporate,Coimbatore,697,198847,46235,12636,1.020045079228624,262988.5277286425
Wedding,Bangalore,310,176472,40057,21056,1.1298175292529702,268474.1976875669
Birthday,Coimbatore,206,145566,6239,22584,1.3751458283973301,239841.205868382
Wedding,Bangalore,96,132744,43138,2016,1.1214856380212497,199524.45203270426
Wedding,Bangalore,373,99431,5125,5191,1.0504587857278094,115340.65035726989
Corporate,Coimbatore,893,53001,28857,2392,1.14594871307521,96680.12907658644
Birthday,Chennai,734,77364,20398,27000,1.379774476706053,172253.5232628006
Corporate,Bangalore,179,134988,11638,8272,1.034645633159611,160291.38928515743
Corporate,Coimbatore,460,55028,11570,18955,0.9216331151950207,78917.4779042796
Birthday,Coimbatore,144,178645,8249,5631,1.2984098142315466,249997.9494849285
Wedding,Chennai,676,141878,14110,8172,1.3781847488956571,226344.20837871108
Wedding,Bangalore,804,134343,45363,11312,0.8704462349664733,166391.49891082582
Birthday,Bangalore,981,197710,18605,25561,0.9679118789291613,234261.8036278698
Wedding,Coimbatore,341,138301,17115,26817,0.8993803928326958,163947.93712708063
Birthday,Coimbatore,843,136295,44062,22281,1.0435589881075167,211591.15623213098
Birthday,Chennai,860,170829,27911,26507,1.1152456852337889,251334.74486185523
Corporate,Chennai,332,44636,43525,20663,1.3241784358743145,144152.1941055864
Birthday,Bangalore,118,189352,37556,27364,1.2558033094171719,319333.3190921231
Corporate,Bangalore,709,34262,17595,25835,1.2346499972349019,96028.777585174
Wedding,Coimbatore,60,90435,6969,10906,1.0466624626267582,113373.01132710418
Wedding,Bangalore,303,195914,48753,29425,1.389013287159332,380762.87990407564
Wedding,Chennai,891,138583,22275,19159,1.1299010171787152,203535.04140946077
Wedding,Chennai,921,198051,9470,25253,1.485373456610608,345894.4709890777
Corporate,Coimbatore,599,179269,15225,20631,1.2438994968070158,267683.72925060923
Wedding,Chennai,183,51844,47324,25472,0.888385319095152,110755.79617201973
Birthday,Chennai,761,74754,46974,18462,1.2733242934528037,178621.48269914856
Birthday,Chennai,72,175229,47759,10080,1.0275728108021893,239505.13986804464
Birthday,Chennai,864,87129,28196,9099,1.2804290376802683,159445.7025843297
Corporate,Coimbatore,395,50042,45287,22310,0.8487488037136841,99905.21052007409
Wedding,Coimbatore,351,71665,18669,27431,0.9224170060231716,108681.08871431879
Wedding,Bangalore,412,126953,42380,25724,1.3990160812340504,272949.67975727015
Wedding,Chennai,445,168448,43006,16916,0.9590256899164604,219079.44680622205
Corporate,Bangalore,267,196626,20577,9083,1.385928787670058,313656.33164670673
Birthday,Coimbatore,190,155271,27473,24614,0.9954932619180874,206451.99180481076
Birthday,Coimbatore,665,128533,33625,28724,1.2500173370410954,238705.5593290784
Wedding,Coimbatore,259,192020,20504,11223,1.2859054014568816,287756.32585977286
Birthday,Coimbatore,672,83781,29089,6940,1.1588583272015371,138943.61618201615
Birthday,Coimbatore,665,76262,41487,21655,1.013717473687712,141416.0207019618
Corporate,Coimbatore,877,56600,5302,5456,0.9488510634597673,64044.25993252301
Corporate,Coimbatore,732,86898,36463,9788,0.8232325481936984,109722.39055944275
Corporate,Chennai,509,159369,49912,26983,1.0127624808685067,239355.66477991687
Corporate,Bangalore,405,40448,34259,26034,1.257213953371898,126713.74087663837
Wedding,Coimbatore,373,36172,47823,4711,1.4568133729139379,129284.03705770377
Corporate,Chennai,182,183946,42208,13280,1.4098431375841365,337591.68180432013
Birthday,Chennai,937,17657,35659,20052,1.3362453435747117,98178.19836738946
Wedding,Bangalore,854,166497,40840,18531,1.351913140277309,305482.01716815523
Birthday,Coimbatore,889,167757,36890,24804,1.2654894324331967,290501.1657612294
Birthday,Bangalore,176,122855,18598,14089,0.9822008002962022,152799.87687967188
Birthday,Coimbatore,155,165650,24508,12142,1.435036521494081,290331.1382982526
Corporate,Chennai,653,169903,47287,18749,1.269512618334084,299625.48765712546
Corporate,Chennai,848,17906,18380,17587,1.1923084416863081,64360.43267896648
Wedding,Chennai,427,71413,31984,11866,0.8776926284494369,101229.53543296744
Wedding,Chennai,954,64028,49633,6531,1.1129388806644978,133909.44994482733
Corporate,Bangalore,100,17287,13125,14686,1.1222507898413485,50626.266120265136
Birthday,Coimbatore,78,43660,41059,7330,1.405194526665869,129358.45098506656
Wedding,Coimbatore,511,70504,9033,7510,1.182653754131452,103023.11133588049
Corporate,Bangalore,345,112979,42873,29122,1.0662803842792867,197285.8978016768
Corporate,Coimbatore,346,44701,22087,27138,1.4837602299574617,139415.56335898454
Corporate,Chennai,775,93300,45901,29065,0.877504415328421,147770.4079496521
Birthday,Coimbatore,828,158746,10704,10964,1.0957838998183613,197818.95650182985
Corporate,Chennai,456,93560,12848,8493,0.8294172726199838,95369.27404130874
Corporate,Bangalore,818,164946,26592,28613,1.3179328845368512,290266.9424636723
Corporate,Coimbatore,863,53642,11924,29999,1.4426535865394055,137996.6399976383
Corporate,Bangalore,662,75160,32208,12759,0.9960261306853426,119748.93100083816
Wedding,Coimbatore,454,27602,24614,7439,1.4008391737593846,83635.16091061609
Wedding,Chennai,395,113320,5488,16473,1.0045527613233285,135956.1521045812
Corporate,Bangalore,671,98801,44882,11765,1.4375391131507407,223563.23006105633
Birthday,Coimbatore,469,35931,30923,15279,1.3277733325177488,109124.35711968027
Wedding,Chennai,231,104377,40941,8511,1.363434743789007,209770.45320231916
Corporate,Bangalore,874,39192,34165,13483,0.8126045889203182,70697.68250184043
Wedding,Bangalore,50,56542,6667,25888,1.4739672499518182,131333.56006895713
Wedding,Coimbatore,880,137015,31213,19630,1.3086696944492262,245976.07145984273
Birthday,Coimbatore,999,52520,9114,22223,1.0133257667702933,85124.30882405648
Corporate,Coimbatore,616,74772,41321,26935,1.3805762654011928,197553.4620878018
Corporate,Chennai,420,199834,12761,4376,0.997064838890451,216397.15515890004
Birthday,Coimbatore,985,60106,36116,21393,1.4109276876962897,166094.0099883991
Birthday,Bangalore,960,91121,38768,29569,0.8788062732883559,140276.69072601467
Corporate,Bangalore,710,35559,30426,27538,1.292580184222557,120992.47656904621
Corporate,Coimbatore,480,115595,22772,13824,1.1784889336514373,179427.40930134588
Birthday,Coimbatore,358,43742,43218,20211,0.8675741291368086,93032.48699372092
Wedding,Bangalore,186,79669,8712,8979,0.9693256797811873,94401.4481834964
Wedding,Chennai,251,162826,6367,28189,0.8086828253941204,159657.08344194226
Birthday,Coimbatore,485,145044,45957,11832,1.1281375758251542,228896.2789173435
Wedding,Coimbatore,362,80831,46781,28792,1.0108856825320003,158160.86429073496
Birthday,Bangalore,166,122217,31200,14504,1.2188502390084313,204695.45098453478
Wedding,Coimbatore,715,51873,8726,26953,1.008066465396032,88365.4851783534
Wedding,Chennai,986,116532,28616,22669,1.0099433780548894,169633.56787503738
Corporate,Bangalore,852,136267,32723,8910,1.3202352391121224,234997.64903804657
Corporate,Coimbatore,624,150975,42574,26945,0.8336999851848474,183919.44453334776
Wedding,Bangalore,293,144092,39958,16089,1.432026496634391,286648.3010099104
Wedding,Coimbatore,586,51755,14108,4196,1.396584712073827,97931.22834318025
Corporate,Coimbatore,651,95956,17178,22131,1.2674632782584845,171541.0703336339
Corporate,Coimbatore,124,96988,40643,27227,1.215255099075169,200363.1251233342
Corporate,Chennai,855,55648,36324,7978,1.4246117486977565,142518.19428234076
Birthday,Chennai,435,135991,43360,23991,0.9297311256701002,189118.6365560095
Wedding,Bangalore,952,150588,22824,19153,0.85527841353358,164839.48770209381
Corporate,Coimbatore,259,125005,13927,28997,0.9676571189366767,162536.5423259172
Wedding,Coimbatore,524,12396,33144,2780,1.3562047950901333,65610.41569875524
Birthday,Chennai,467,94082,36010,11908,0.8242691867085383,117116.27451261245
Birthday,Coimbatore,396,160201,27443,8303,1.2079647845584427,236756.47563987316
Corporate,Chennai,578,138322,19437,16686,1.496806261333917,261197.06825839516
Birthday,Coimbatore,689,142663,49298,5983,1.3989872656862776,277024.4853190045
Wedding,Bangalore,988,21303,44778,11503,1.1650119823305127,90534.4896371305
Corporate,Coimbatore,925,171633,16207,29935,0.8445486365006497,184060.329313929
Wedding,Coimbatore,812,81719,30537,27098,1.3819614600699968,192703.6573065943
Wedding,Chennai,228,109616,40757,18905,1.2192849557240475,206432.31873505533
Birthday,Coimbatore,231,134165,17040,15070,0.8804530979416968,146431.98886025563
Birthday,Coimbatore,713,96231,46986,28896,0.8657000993763494,149105.19120396164
Birthday,Chennai,74,17314,27612,27511,1.4367387736056147,104084.14654366992
Birthday,Bangalore,229,29623,33441,25953,1.2684401840566548,112947.08986417124
Birthday,Bangalore,759,115228,11471,28806,1.380500759521729,214788.62060942646
Corporate,Chennai,550,174202,40631,14232,1.4152852301975871,324274.8112552103
Wedding,Chennai,905,192828,48461,24168,1.2002406464338256,318748.03128038405
Wedding,Chennai,210,107624,31523,6583,1.162212446228529,169400.71978888355
Wedding,Chennai,226,167364,36348,7946,1.101299187224693,233132.68336960408
Wedding,Chennai,334,121785,6177,23325,1.0218626114537834,154644.62889900853
Birthday,Bangalore,112,96206,9760,24651,1.1042171726010983,144246.33443363765
Wedding,Bangalore,711,79274,37779,18377,1.3417157590111095,181815.21524287455
Corporate,Chennai,715,143541,26636,9128,1.2213464017105922,219100.76655871773
Corporate,Coimbatore,205,63947,21353,13889,1.4247663029683921,141351.89482513184
Wedding,Chennai,931,163606,16556,29413,1.1103660100654316,232844.60655946282
Wedding,Coimbatore,518,58874,32598,14275,1.2249627051031278,129613.83117654045
Corporate,Chennai,98,59708,16563,4461,1.2419152871643921,100277.0049633557
Corporate,Chennai,898,84553,48790,16291,1.2141880136144279,181818.5092291813
Birthday,Bangalore,133,78344,13234,16036,1.2918436411598615,139040.41159977735
Corporate,Coimbatore,410,59138,30519,13435,0.9662034278623645,99669.34378518688
Birthday,Coimbatore,738,195374,31966,29935,1.1586546442820536,298203.5736076653
Birthday,Bangalore,197,57638,21173,2685,0.8729573619658434,71172.08317076838
Birthday,Bangalore,679,88249,31987,20544,1.0691579293513689,150617.90329408573
Birthday,Bangalore,391,115865,18178,25415,1.1413669480348851,182058.7407997467
Birthday,Bangalore,525,12719,44338,14258,1.2565569816818307,89690.11114863976
Wedding,Coimbatore,112,163962,29596,28143,1.4653717368103425,324891.1794225897
Corporate,Coimbatore,750,177581,38174,23725,1.2204557465838493,292387.2421919002
Birthday,Chennai,409,52534,46974,17990,1.3205157413235917,155219.30857403937
Corporate,Chennai,610,102241,9431,18422,1.154386241646642,150270.22372077825
Corporate,Bangalore,376,159859,32764,12736,1.2438728219634319,255496.8788455884
Birthday,Bangalore,818,136209,26627,6875,0.8496525512936415,144318.0841325952
Wedding,Bangalore,785,189917,44310,19640,0.978074106589293,248418.48921750404
Birthday,Chennai,190,199004,13906,13182,1.0532971652435972,238170.56268425536
Wedding,Chennai,264,102124,41914,26081,1.1307453485045595,192400.86794224716
Corporate,Chennai,484,101659,49814,4196,0.8319541218516686,129582.0661945274
Wedding,Chennai,940,174134,18076,9165,0.8980168682873224,180979.14685135955
Wedding,Chennai,772,85713,42650,29284,0.9937700154539141,156780.66162626317
Wedding,Chennai,367,85418,11012,17997,1.4800728836307355,169415.34985521415
Corporate,Chennai,81,138232,12151,16215,1.0319429049721356,171931.77408254784
Corporate,Bangalore,719,175904,33211,2301,1.1374287406784578,240578.48463927684
Wedding,Bangalore,334,173038,32117,25911,0.9372683989168751,216620.95986412666
Wedding,Bangalore,354,154059,41378,24765,1.227546049753038,270361.1952477184
Birthday,Bangalore,478,178383,47652,19030,0.996478250861182,244273.64254729557
Wedding,Chennai,526,41575,11894,16571,0.9448948049068988,66259.33213567919
Birthday,Coimbatore,335,73852,18467,11951,1.1616008399121853,121170.36957764356
Wedding,Chennai,193,142079,36010,27173,0.8038540594122946,165029.64194308643
Birthday,Coimbatore,473,86242,47641,27237,0.8053648228544578,129831.33025831023
Corporate,Bangalore,68,188589,17289,22714,0.9533481663713005,217937.96404714833
Wedding,Chennai,67,39257,49976,27944,0.8257049537505748,96763.6793656311
Wedding,Bangalore,818,183279,48596,12773,0.875618027891484,214340.8992875958
Wedding,Chennai,639,154353,28171,25387,1.0372024545371261,215741.64952526844
Wedding,Bangalore,420,71246,39905,18140,1.361809975705869,176132.77356898753
Birthday,Coimbatore,224,11435,25829,21921,1.2004340503585107,71081.28927046846
Wedding,Coimbatore,243,101357,39054,15057,1.1588674081694914,180203.24821329452
Corporate,Coimbatore,551,167732,49139,14500,1.005442176245685,232712.8117601404
Corporate,Chennai,162,146156,34734,22942,1.4522276036029713,296034.75689760083
Wedding,Coimbatore,163,154579,12052,24963,1.0779105288660342,206545.63986755896
Corporate,Chennai,271,93807,8654,26858,0.8609649367570401,111379.77465648367
Wedding,Coimbatore,727,186611,28486,17921,1.231946561282461,287174.77381691645
Wedding,Coimbatore,996,125953,23743,13870,0.879686875433621,144036.26346717565
Corporate,Chennai,880,148563,29489,28062,1.0416561999611844,214831.92599879956
Wedding,Chennai,693,191264,13636,6082,1.1551883571024661,243827.89995819252
Corporate,Coimbatore,946,133797,11441,15718,1.411955767279623,227404.652478259
Birthday,Chennai,313,73888,29611,22567,1.1454826062380832,144453.3602380102
Wedding,Coimbatore,974,83609,47435,27036,1.291581136222165,204319.24601399986
Birthday,Chennai,104,19077,17149,12517,1.4949717872993493,72885.00982833219
Corporate,Bangalore,920,30953,39566,5754,0.8920423839285871,68176.74874938512
Birthday,Bangalore,692,124682,47368,29044,0.9923120678636637,199651.80297497558
Birthday,Bangalore,849,77889,26675,3724,1.0762032529183525,116667.24785202256
Corporate,Bangalore,827,164893,10495,3376,1.095279724977182,195920.63475582094
Birthday,Bangalore,507,178639,47668,29319,1.0877147526858821,278124.2213700813
Birthday,Coimbatore,927,125374,18673,10706,1.4353277017895885,222260.31783504417
Corporate,Bangalore,211,34860,16130,10894,1.2998228511267995,80469.88731913085
Birthday,Bangalore,429,162267,27668,20037,1.2255336498634928,257392.10152913732
Corporate,Bangalore,136,87475,20222,20450,1.0165609025039475,130289.62997317335
Birthday,Bangalore,104,97266,28669,18406,1.3766532689549063,198723.10949422012
Corporate,Chennai,525,162499,39068,20844,1.4685423580394923,326698.7243939215
Corporate,Coimbatore,849,110732,28253,7926,1.3748387977851586,202106.29262141543
Birthday,Bangalore,227,37083,14435,8251,0.801095573634031,47914.7313405324
Birthday,Bangalore,440,67372,33552,11496,1.2454809591283849,140082.96942521303
Birthday,Bangalore,398,133786,42384,25679,0.8357947670094705,168764.03792609464
Wedding,Coimbatore,57,185136,21393,5300,0.9803250542336053,207669.82591325036
Wedding,Chennai,882,17813,15617,24663,0.8416672902434402,49027.27789211218
Wedding,Coimbatore,362,41598,43520,10553,1.2226568170645715,117027.10034538462
Corporate,Chennai,808,103106,14852,25737,1.2806129394448247,184138.8763335241
Birthday,Bangalore,884,37082,36401,5727,0.8801413466461336,69848.59606784025
Corporate,Bangalore,492,39241,11295,24656,1.0686872181314857,80430.52930574268
Wedding,Coimbatore,816,185641,40993,24379,1.1193655562688796,281097.70637572027
Birthday,Coimbatore,377,21745,39084,27860,1.0583371152326415,93919.41041286774
Corporate,Chennai,103,36029,44575,18898,0.8847175003396351,88046.61071879437
Birthday,Chennai,810,154097,41451,18832,1.0932634531312329,234495.3190822737
Corporate,Coimbatore,288,133395,12227,8019,1.3258246334658927,203744.22251033323
Birthday,Chennai,278,155360,36910,17463,0.8497053651732789,178252.95535388732
Wedding,Coimbatore,628,99186,41041,23727,0.8561260098573324,140459.4838201491
Wedding,Chennai,100,147612,28384,12047,1.0483399042851889,197147.98062149977
Birthday,Coimbatore,658,107768,5145,26417,1.4592079981332475,203410.1503799054
Corporate,Coimbatore,653,51846,42778,13754,1.2680008527060398,137521.34641457518
Wedding,Coimbatore,313,85932,21035,4520,1.2750689696707953,142200.56422168796
Wedding,Chennai,467,158554,8040,5081,1.0533439935865054,180902.8800989633
Wedding,Chennai,852,33411,47422,3428,1.215562553845977,102552.31634961587
Birthday,Chennai,145,192047,31160,5967,0.8070918288194204,184986.21277786186
Birthday,Coimbatore,137,88797,22633,8445,1.2452672324866796,149296.9594943407
Corporate,Chennai,127,62307,34344,16566,1.4393008633033657,162972.37584061714
Corporate,Chennai,337,144165,22014,16042,1.2288014278413735,223963.9749826829
Corporate,Coimbatore,169,32042,19996,27498,1.4115890154264417,112297.49393095747
Birthday,Bangalore,863,62930,46621,13329,1.3067811388262656,160706.7163389715
Birthday,Coimbatore,540,185485,16695,4159,0.8843908914825832,182565.33215762474
Corporate,Chennai,961,107883,7852,7132,1.4317173151000893,176054.96135440265
Corporate,Coimbatore,501,43756,21014,20931,0.8465106910490424,72621.96273359397
Birthday,Bangalore,549,63268,32042,21363,1.1737772307834347,137030.46084719567
Corporate,Coimbatore,214,180286,38755,16933,0.8994959866554204,212289.76595502617
Wedding,Chennai,231,169674,45390,12473,0.8081946275116328,183928.8309601144
Birthday,Bangalore,518,194403,28711,21033,1.0954239820893474,267522.17895516794
Corporate,Chennai,959,58901,31122,26889,1.0065284953579094,117819.10944928392
Birthday,Bangalore,784,109986,14160,12805,1.140200345658322,156269.17753825287
Wedding,Bangalore,872,173268,32213,5083,1.2040399207141856,253658.26186526177
Birthday,Coimbatore,993,138386,44420,28832,0.8306173506162632,175939.14484972472
Birthday,Coimbatore,56,15626,12421,19421,0.886102306586622,42069.904289053775
Birthday,Chennai,379,148496,26400,15944,1.1910496775152977,227356.77045701942
Birthday,Coimbatore,824,22857,38537,21873,1.0402171472208608,86739.36119763942
Wedding,Coimbatore,722,161054,22727,9604,1.3104214412846136,253524.15042282498
Birthday,Bangalore,200,143052,9358,25928,1.2566041540143578,224130.27161861255
Birthday,Coimbatore,134,189362,33482,17379,1.3919230540929348,334392.03182336706
Corporate,Bangalore,196,36431,37117,21018,1.2847449786684577,121522.59365276137
Birthday,Bangalore,673,94976,28164,5983,1.1009517541731038,142259.14335409369
Corporate,Bangalore,430,92711,36910,3778,1.2710766356761027,169624.85212255642
Wedding,Chennai,964,36385,37496,26286,0.9927668219787931,99587.07425714977
Wedding,Chennai,597,179230,49311,7110,1.014419449144749,239138.5076104092
Wedding,Chennai,334,164091,34371,23573,1.3522896119445553,300305.7239881093
Wedding,Bangalore,749,28639,43467,14087,1.1124936614811076,96001.51616404111
Corporate,Chennai,131,95530,22625,25762,1.3588662383628467,195583.6024264658
Birthday,Chennai,563,31563,38893,19508,1.3756956615677949,123847.5344972851
Wedding,Coimbatore,946,180413,15793,19081,1.4002936363628986,301606.9160916594
Birthday,Chennai,864,125672,36007,4179,1.441644665088845,239237.90086230566
Corporate,Chennai,758,146848,30766,11596,1.1016896543593073,208564.39950132454
Corporate,Bangalore,965,177516,44532,7251,1.023206772824797,234765.03980195316
Corporate,Bangalore,572,149783,17323,11235,1.2075391226158798,215439.53466643862
Wedding,Bangalore,795,92970,12843,20313,1.0598206964063395,133790.19515494598
Birthday,Bangalore,435,95553,19210,16871,1.220751916760163,160757.7078108073
Birthday,Bangalore,756,171779,21456,3013,1.2939101038506773,254040.6700604877
Birthday,Bangalore,520,180182,36367,18610,1.2818835129444959,301524.4450205147
Corporate,Chennai,168,92879,15106,25705,1.062187020914085,142028.982826004
Wedding,Bangalore,445,179899,42957,3828,0.916802141189127,207891.12657331605
Corporate,Bangalore,581,146727,7472,9909,1.1013705369235454,180830.86607344917
Corporate,Coimbatore,310,54859,11704,7588,0.8998159008573361,66768.74886447233
Birthday,Chennai,854,194697,8713,15109,1.4230679246286657,311095.4798219314
Corporate,Chennai,983,62098,10051,4023,1.0421142225165,79527.37455752684
Birthday,Chennai,305,156323,15756,23350,0.9081218230563267,177519.08975807487
Wedding,Bangalore,783,132413,7475,29028,0.8178134319340257,138259.2236685679
Birthday,Bangalore,954,10526,41378,16537,1.252075670400539,85836.41095788329
Wedding,Bangalore,275,78760,9255,28661,1.2458316222183203,145399.90035394474
Birthday,Coimbatore,102,57837,19484,7891,1.0384229166069041,88501.39356990752
Corporate,Bangalore,989,21536,39503,3080,0.8501983221933558,54662.216220715774
Corporate,Coimbatore,916,38541,13258,7036,1.0867402264266626,64075.761221812696
Wedding,Chennai,549,89083,45747,17379,1.0178522465443756,155008.62259427286
Wedding,Bangalore,555,192099,40196,28896,1.2739844478145066,332836.5219091188
Wedding,Coimbatore,903,44531,45194,29766,1.2240454746168834,146397.86780744602
Birthday,Coimbatore,413,18712,13533,12822,1.055215609738278,47617.351884074975
Birthday,Bangalore,329,114101,37581,4563,0.952524787978493,148876.58549769965
Wedding,Chennai,642,75455,10249,5292,1.4916251763089143,135828.22454340596
Corporate,Chennai,763,84744,24201,5586,1.1178011348372805,128137.33177404857
Birthday,Chennai,207,139749,14686,18087,1.281791965046166,221168.36339369463
Birthday,Coimbatore,681,15109,37007,18100,0.8983870773048526,63183.29702003753
Birthday,Coimbatore,108,59268,5661,22815,1.1399127897615786,100036.70782483995
Wedding,Coimbatore,776,64615,49843,25225,0.8192757039086259,114555.28814906858
Wedding,Coimbatore,177,92503,35137,8643,1.153818582537315,157272.4078839329
Wedding,Chennai,785,170831,47828,29523,1.4748121849823916,366139.5876932999
Wedding,Bangalore,770,95708,15526,5959,1.0689446990900602,125388.33612046142
Wedding,Coimbatore,931,112471,8374,13005,0.8272972088024382,110873.38139820634
Corporate,Coimbatore,164,167661,30592,12775,0.8216690536435405,173419.77705228908
Corporate,Chennai,258,171087,33982,2161,1.0715907319628086,222104.44738465286
Wedding,Bangalore,575,170081,5207,18029,0.9120174555242359,176394.7284495787
Birthday,Bangalore,570,93309,40433,18977,0.8163464674297302,124757.11615940096
Wedding,Chennai,601,136446,28197,16226,1.3293495297651239,240528.27009908817
Corporate,Chennai,286,116661,38400,29835,1.1209661062173235,207305.04917515823
Corporate,Bangalore,330,167215,8083,13154,1.0024713403808583,188967.2290374535
Birthday,Coimbatore,408,16154,34328,14080,1.4300582281115366,92388.61932333703
Corporate,Bangalore,250,162876,47891,5390,0.881297272140368,190536.07445404553
Wedding,Chennai,807,182760,25103,7997,1.4691431802687234,317250.2968928066
Birthday,Coimbatore,327,74288,44891,24738,1.019776702164147,146812.25364535753
Wedding,Coimbatore,284,61195,15754,14693,1.4218825706160767,130346.76253639851
Wedding,Chennai,543,30581,39447,19047,1.2220600135356232,108936.44570568563
Birthday,Chennai,53,193720,20901,11324,1.3786951518190413,311517.2260777533
Wedding,Chennai,715,40087,38004,2541,1.488809214247325,120152.91456319031
Corporate,Bangalore,491,191002,12446,23817,1.001883806473122,227766.77327811404
Wedding,Bangalore,78,174053,42211,7093,1.472794839785315,328970.7370299286
Birthday,Coimbatore,158,79298,34301,15428,1.0726373264316944,138422.87631750223
Birthday,Chennai,659,56167,31116,13166,1.0698583333158456,107565.04972324337
Birthday,Coimbatore,776,184480,46323,19251,1.038270972978154,259740.20987707932
Wedding,Coimbatore,854,49499,23752,18063,1.1789853251433096,107785.96598013617
Birthday,Coimbatore,124,135816,37376,12258,0.907901530224941,168388.9387802153
Birthday,Coimbatore,887,193341,21669,27007,1.1875980397506078,287551.96478632285
Wedding,Chennai,195,179631,37916,18044,1.1791933686870029,277836.5949223397
Corporate,Coimbatore,177,106347,18395,7469,1.3333312688234091,176307.61038241175
Wedding,Chennai,902,58787,25421,8256,1.38355497335631,128064.32705641785
Birthday,Chennai,91,45488,31342,27782,1.1083089452186967,115956.0653772183
Birthday,Bangalore,405,84441,9895,12720,1.0116332745460457,108362.16183980147
Wedding,Chennai,90,32431,16023,3169,0.9815344281219662,50683.251782940264
Corporate,Bangalore,983,71681,15699,2830,0.9362366856934103,84605.36141640255
Birthday,Chennai,83,132720,14715,3651,0.8403533075393175,126978.06982288531
Birthday,Chennai,66,59153,24169,19520,1.0397135851842993,106936.1245275237
Birthday,Chennai,726,16368,21163,21194,0.9891733844915483,58198.10700426618
Wedding,Bangalore,202,168496,10782,27051,1.4764921701064853,304673.452965901
Birthday,Bangalore,427,122360,27641,29386,1.1903961783750308,213605.64925016163
Corporate,Coimbatore,637,186076,23792,11518,1.0430939273213553,231021.94219396554
